score,axe_detecte,dutreil_probable,signaux_dutreil,denomination,raison_sociale,siren,siret_siege,naf,naf_libelle,categorie,tranche_effectif,tranche_effectif_libelle,annee_effectif,etablissements_ouverts,date_creation,date_maj_rne,adresse_siege,code_postal,commune,departement,siege_dans_zone,dirigeants,dirigeant_age_max,nature_juridique,tel_portable,tel_fixe,email,url_pappers,url_societe,statut_suivi,prochaine_action
8,INDUSTRIE?,non,,CITEC (CITEC),CITEC,394688212,39468821200031,33.20D,"Installation d'équipements électriques, de matériels électroniques et optiques ou d'autres matériels",PME,21,50 à 99 salariés,2023,4,1994-04-01,2024-05-19T17:01:20,36 ROUTE NATIONALE 6 69380 LISSIEU,69380,LISSIEU,69,oui,GERALD PARQUET (65 ans) — Commissaire aux comptes titulaire ; AROBASE CONSEIL (SOCIÉTÉ D'EXPERTISE COMPTABLE ET DE COMMISSARIAT AUX COMPTES) (SIREN 414435545) — Commissaire aux comptes suppléant ; LABEL FRANCE (SIREN 849960703) — Président de SAS,65,5710,,,,https://www.pappers.fr/entreprise/394688212,https://www.societe.com/societe/-394688212.html,Identifié,Qualifier le fit métier (LinkedIn + site web)
8,INDUSTRIE?,non,,CREATION MEDITERRANEE,CREATION MEDITERRANEE,326518669,32651866900212,14.19Z,,PME,12,20 à 49 salariés,2023,18,1983-01-01,2024-05-19T17:01:20,LOT N4 503 RUE SAINT PIERRE 13012 MARSEILLE,13012,MARSEILLE,13,oui,GUY BOUTILLOT (80 ans) — Commissaire aux comptes titulaire ; BERNARD EVANS (76 ans) — Directeur Général ; CHRISTIAN HATCHIK KEUSSEYAN (65 ans) — Président de SAS ; F C AUDIT (SIREN 441212339) — Commissaire aux comptes suppléant,80,5710,,,,https://www.pappers.fr/entreprise/326518669,https://www.societe.com/societe/-326518669.html,Identifié,Qualifier le fit métier (LinkedIn + site web)
8,INDUSTRIE?,non,,HENRY BLANC,HENRY BLANC,317785236,31778523600066,10.83Z,,PME,12,20 à 49 salariés,2023,4,1980-01-01,2024-05-19T17:01:20,ZA LA CAPELETTE 68 BOULEVARD SAINT JEAN 13010 MARSEILLE,13010,MARSEILLE,13,oui,MELANIE FRANCOISE GRASTILLEUR (COTTON) (47 ans) — Administrateur ; DRAMANE KAMARA (44 ans) — Administrateur ; ISABELLE MENESTRIER (57 ans) — Commissaire aux comptes titulaire ; MME BLANC MICHELE MARIE COLETTE (72 ans) — Directeur général délégué ; MR BLANC JEAN LUC (62 ans) — Président du conseil d'administration et directeur général ; COMPAGNIE PHOCEENNE DE CONTROLE COMPTABLE ET DE REVISION INDICIAIRE (SIREN 334990256) — Commissaire aux comptes suppléant,72,5599,,,,https://www.pappers.fr/entreprise/317785236,https://www.societe.com/societe/-317785236.html,Identifié,Qualifier le fit métier (LinkedIn + site web)
8,INDUSTRIE?,non,,KLA-TENCOR FRANCE SARL (KLA +),KLA-TENCOR FRANCE SARL,332126309,33212630900142,33.13Z,Réparation d'équipements électroniques et optiques,PME,21,50 à 99 salariés,2023,4,1985-01-01,2024-05-19T17:01:20,387 AVENUE JEAN KUNTZMANN 38330 MONTBONNOT-SAINT-MARTIN,38330,MONTBONNOT-SAINT-MARTIN,38,oui,BREN DOUGLAS HIGGINS (56 ans) — Gérant ; VIRENDRA ARVIND KIRLOSKAR (63 ans) — Gérant ; PRICEWATERHOUSECOOPERS AUDIT (SIREN 672006483) — Commissaire aux comptes titulaire,63,5499,,,,https://www.pappers.fr/entreprise/332126309,https://www.societe.com/societe/-332126309.html,Identifié,Qualifier le fit métier (LinkedIn + site web)
8,INDUSTRIE?,non,,LIB INDUSTRIES,LIB INDUSTRIES,700200124,70020012400019,23.61Z,,PME,12,20 à 49 salariés,2023,7,1970-01-01,2024-05-19T17:01:20,LD LA BEGUDE DE VERS 30210 VERS-PONT-DU-GARD,30210,VERS-PONT-DU-GARD,30,oui,ERIC ASTEGIANO (63 ans) — Directeur Général ; JEAN LOUIS GAZIELLO (69 ans) — Directeur Général ; B.F.A. - BEZIAT FIDUCIAIRE ET AUDIT (SIREN 413656331) — Commissaire aux comptes suppléant ; FRANCE LANGUEDOC REVISION (SIREN 439850538) — Commissaire aux comptes titulaire ; SOBEG (SIREN 912647500) — Président de SAS,69,5710,,,,https://www.pappers.fr/entreprise/700200124,https://www.societe.com/societe/-700200124.html,Identifié,Qualifier le fit métier (LinkedIn + site web)
7,INDUSTRIE?,non,,HYDROCHEM,HYDROCHEM,400536462,40053646200049,25.61Z,,PME,12,20 à 49 salariés,2023,4,1995-03-08,2024-05-19T17:01:20,615 CHEMIN DES PLANTAS 26290 DONZERE,26290,DONZERE,26,oui,CYRIL STEPHANE VALERIE TOPIN (TOPIN) (55 ans) — Directeur Général ; ROGIER ET ASSOCIES (SIREN 378877674) — Commissaire aux comptes titulaire ; C.C.G (SIREN 810403923) — Président de SAS,55,5710,,,,https://www.pappers.fr/entreprise/400536462,https://www.societe.com/societe/-400536462.html,Identifié,Qualifier le fit métier (LinkedIn + site web)
7,INDUSTRIE?,non,,RAMPAL PATOU (RAMPAL POURTOUS),RAMPAL PATOU,453810756,45381075600065,20.42Z,,PME,12,20 à 49 salariés,2023,7,2004-06-02,2024-05-19T17:01:20,ZAC DE LA CRAU 201 IMPASSE GASPARD MONGE 13300 SALON-DE-PROVENCE,13300,SALON-DE-PROVENCE,13,oui,JEAN-LOUIS MICHEL DENIS PLOT (58 ans) — Gérant ; AUDIT ET FINANCE (SIREN 439872755) — Commissaire aux comptes suppléant ; AXYS AUDIT (SIREN 492690730) — Commissaire aux comptes titulaire,58,5499,,,,https://www.pappers.fr/entreprise/453810756,https://www.societe.com/societe/-453810756.html,Identifié,Qualifier le fit métier (LinkedIn + site web)
7,INDUSTRIE?,non,,SAVONNERIE MARSEILLAISE DE LA LICORNE (SML),SAVONNERIE MARSEILLAISE DE LA LICORNE,415303387,41530338700021,20.41Z,,PME,11,10 à 19 salariés,2023,6,1998-01-06,2024-05-19T17:01:20,34 COURS JULIEN 13006 MARSEILLE,13006,MARSEILLE,13,oui,SERGE BRUNA (64 ans) — Président de SAS,64,5710,,,,https://www.pappers.fr/entreprise/415303387,https://www.societe.com/societe/-415303387.html,Identifié,Qualifier le fit métier (LinkedIn + site web)
7,INDUSTRIE?,non,,SOCIETE D'AFFINAGE ET APPRETS DE METAUX PRECIEUX (S.A.A.M.P),SOCIETE D'AFFINAGE ET APPRETS DE METAUX PRECIEUX,381591437,38159143700136,32.12Z,,PME,11,10 à 19 salariés,2023,14,1991-01-07,2024-05-19T17:01:20,DOMAINE DE PROVENCE 625 RUE SANS SOUCI 69760 LIMONEST,69760,LIMONEST,69,oui,JEAN-LUC ALBERT ESCARD (77 ans) — Président de SAS ; ELISABETH ESPÉRANCE ESCARD (PEREZ) (70 ans) — Directeur Général ; SYNTHESE REVISION EXPERTISE COMPTABLE (SIREN 300155819) — Commissaire aux comptes titulaire,77,5710,,,,https://www.pappers.fr/entreprise/381591437,https://www.societe.com/societe/-381591437.html,Identifié,Qualifier le fit métier (LinkedIn + site web)
6,INDUSTRIE?,non,,AAF FRANCE,AAF FRANCE,775574213,77557421300010,28.25Z,,PME,21,50 à 99 salariés,2023,7,1968-01-01,2024-05-19T17:01:20,RUE WILLIAM DIAN 27620 GASNY,27620,GASNY,27,non,PAUL SENNETT (60 ans) — Président de SAS ; B.E.A.S. SARL (SIREN 315172445) — Commissaire aux comptes suppléant ; DELOITTE & ASSOCIES (SIREN 572028041) — Commissaire aux comptes titulaire,60,5710,,,,https://www.pappers.fr/entreprise/775574213,https://www.societe.com/societe/-775574213.html,Identifié,Qualifier le fit métier (LinkedIn + site web)
6,INDUSTRIE?,non,,ALTHEA FRANCE (ALTHEA FRANCE),ALTHEA FRANCE,452903032,45290303200103,33.13Z,Réparation d'équipements électroniques et optiques,PME,22,100 à 199 salariés,2023,4,2004-04-05,2024-05-19T17:01:20,LES BUREAUX VERTS 16 RUE PROFESSEUR DEPERET 69160 TASSIN-LA-DEMI-LUNE,69160,TASSIN-LA-DEMI-LUNE,69,oui,STEFANO MAZZA (45 ans) — Gérant ; RAFAEL PROVENCIO RODRIGUEZ (57 ans) — Gérant ; PIETRO TORRUSIO (80 ans) — Gérant ; AUDITEX (SIREN 377652938) — Commissaire aux comptes suppléant ; ERNST & YOUNG ET AUTRES (SIREN 438476913) — Commissaire aux comptes titulaire,80,5499,,,,https://www.pappers.fr/entreprise/452903032,https://www.societe.com/societe/-452903032.html,Identifié,Qualifier le fit métier (LinkedIn + site web)
6,INDUSTRIE?,non,,ASERTI ELECTRONIC,ASERTI ELECTRONIC,384491114,38449111400094,33.13Z,Réparation d'équipements électroniques et optiques,PME,12,20 à 49 salariés,2023,17,1992-01-20,2024-05-19T17:01:20,PARC INNOVATION BGNE SUD 1 RUE HENRI BECQUEREL 56000 VANNES,56000,VANNES,56,non,MICHEL KERSCAVEN (KERSCAVEN) (79 ans) — Président du conseil d'administration ; KPMG S.A. (SIREN 775726417) — Commissaire aux comptes titulaire ; ASERTI INTERNATIONAL (SIREN 831323589) — Président de SAS,79,5710,,,,https://www.pappers.fr/entreprise/384491114,https://www.societe.com/societe/-384491114.html,Identifié,Qualifier le fit métier (LinkedIn + site web)
6,INDUSTRIE?,non,,CIERGERIE BROUSSE ET FILS,CIERGERIE BROUSSE ET FILS,333428092,33342809200097,32.99Z,,PME,12,20 à 49 salariés,2023,7,1985-07-02,2024-05-19T17:01:20,ZAC DE LA NAU 19240 SAINT-VIANCE,19240,SAINT-VIANCE,19,non,DENIS BROUSSE (BROUSSE) (60 ans) — Gérant ; BROUSSE DENIS (60 ans) — Président de SAS,60,5710,,,,https://www.pappers.fr/entreprise/333428092,https://www.societe.com/societe/-333428092.html,Identifié,Qualifier le fit métier (LinkedIn + site web)
6,INDUSTRIE?,non,,CONFISERIE DU ROY RENE,CONFISERIE DU ROY RENE,621620921,62162092100075,10.82Z,,PME,22,100 à 199 salariés,2023,14,1962-01-01,2024-05-19T17:01:20,RD 7N - CS 40001 5380 ROUTE D'AVIGNON 13100 AIX-EN-PROVENCE,13100,AIX-EN-PROVENCE,13,oui,JACQUES GACHET (70 ans) — Commissaire aux comptes suppléant ; LAURE PIERRISNARD (MALJEAN) (53 ans) — Directeur Général ; OLIVIER BAUSSAN (SIREN 391916210) — Président de SAS ; AUDINYS (SIREN 805367166) — Commissaire aux comptes titulaire,70,5710,,,,https://www.pappers.fr/entreprise/621620921,https://www.societe.com/societe/-621620921.html,Identifié,Qualifier le fit métier (LinkedIn + site web)
6,INDUSTRIE?,non,,ETABLISSEMENTS JUNG MASSARONI,ETABLISSEMENTS JUNG MASSARONI,815036827,81503682700096,14.13Z,,PME,12,20 à 49 salariés,2023,13,2015-12-01,2024-05-19T17:01:20,402 PARC ACTIVITES PLATEAU DE SIGNES 2600 RD 12 LOT QUEUE DE SARTAN BT C 83870 SIGNES,83870,SIGNES,83,non,FREDERIC MASSARONI (60 ans) — Président de SAS ; A.A.C.C. (SIREN 484956198) — Commissaire aux comptes titulaire ; VISTA AUDIT (SIREN 788999779) — Commissaire aux comptes suppléant ; GMBH (SIREN 890256852) — ,60,5710,,,,https://www.pappers.fr/entreprise/815036827,https://www.societe.com/societe/-815036827.html,Identifié,Qualifier le fit métier (LinkedIn + site web)
6,INDUSTRIE?,non,,GOUT DE PAIN,GOUT DE PAIN,498714294,49871429400010,10.71C,,PME,11,10 à 19 salariés,2023,4,2007-06-26,2024-05-19T17:01:20,LES FRUITIERS 105 AVENUE DE BREDASQUE 13090 AIX-EN-PROVENCE,13090,AIX-EN-PROVENCE,13,oui,FRANCIS PHILIPPE GRAU (57 ans) — Gérant,57,5499,,,,https://www.pappers.fr/entreprise/498714294,https://www.societe.com/societe/-498714294.html,Identifié,Qualifier le fit métier (LinkedIn + site web)
6,INDUSTRIE?,non,,HABASIT FRANCE,HABASIT FRANCE,314789546,31478954600152,22.19Z,,PME,21,50 à 99 salariés,2023,4,1979-01-01,2024-05-19T17:01:20,ZAC DE LA MER ROUGE 41 RUE ALFRED KASTLER 68200 MULHOUSE,68200,MULHOUSE,68,non,EMMANUEL CHRIST (54 ans) — Commissaire aux comptes titulaire ; SYLVIE DOMINIQUE OTT (60 ans) — Président de SAS ; NORME AUDIT (SIREN 791693369) — Commissaire aux comptes suppléant,60,5710,,,,https://www.pappers.fr/entreprise/314789546,https://www.societe.com/societe/-314789546.html,Identifié,Qualifier le fit métier (LinkedIn + site web)
6,INDUSTRIE?,non,,HUILES ESSEN LIVRA PHARM AROMA COSMO (HELPAC),HUILES ESSEN LIVRA PHARM AROMA COSMO,347975096,34797509600046,20.53Z,,PME,12,20 à 49 salariés,2023,4,1988-09-20,2024-05-19T17:01:20,LES CHAMPS ROUGES ZI DE CHAPPES 43390 AUZON,43390,AUZON,43,non,JEAN BRICE JOLY (69 ans) — Commissaire aux comptes suppléant ; H.S.N (SIREN 493738322) — Président de SAS ; FITECO (SIREN 557150067) — Commissaire aux comptes titulaire ; H.S.N. (SIREN ) — ,69,5710,,,,https://www.pappers.fr/entreprise/347975096,https://www.societe.com/societe/-347975096.html,Identifié,Qualifier le fit métier (LinkedIn + site web)
6,INDUSTRIE?,non,,PRESTO FUITES,PRESTO FUITES,302001102,30200110200128,33.11Z,Réparation d'ouvrages en métaux,PME,12,20 à 49 salariés,2023,9,1974-01-01,2024-05-19T17:01:20,PARC ACTIVITES DE L AERODR 76430 SAINT-ROMAIN-DE-COLBOSC,76430,SAINT-ROMAIN-DE-COLBOSC,76,non,DANIEL SYLVAIN PHILIPPE LAMOTTE (60 ans) — Gérant ; BEAS (SIREN 315172445) — Commissaire aux comptes suppléant ; DAVECC (SIREN 420154155) — Commissaire aux comptes titulaire,60,5499,,,,https://www.pappers.fr/entreprise/302001102,https://www.societe.com/societe/-302001102.html,Identifié,Qualifier le fit métier (LinkedIn + site web)
6,INDUSTRIE?,non,,SNDR EVOLUTION,SNDR EVOLUTION,824665392,82466539200018,13.30Z,,PME,21,50 à 99 salariés,2023,4,2016-12-28,2024-05-19T17:01:20,17 RUE THOMAS EDISON 25000 BESANCON,25000,BESANCON,25,non,GIANLUCA BERETTI (41 ans) — Président de SAS ; MATTEO FAURI (53 ans) — Directeur Général ; MURIEL NOUCHY (67 ans) — Commissaire aux comptes suppléant ; GVA AUDIT (SIREN 347496788) — Commissaire aux comptes titulaire,67,5710,,,,https://www.pappers.fr/entreprise/824665392,https://www.societe.com/societe/-824665392.html,Identifié,Qualifier le fit métier (LinkedIn + site web)
6,INDUSTRIE?,non,,SODICLAIR,SODICLAIR,343228987,34322898700016,13.92Z,,PME,21,50 à 99 salariés,2023,4,1987-01-01,2024-05-19T17:01:20,PONTAULT 28140 NOTTONVILLE,28140,NOTTONVILLE,28,non,GERARD BREAL (68 ans) — Commissaire aux comptes suppléant ; AGECLAIR (SIREN 449346345) — Président de SAS ; KPMG S.A (SIREN 775726417) — Commissaire aux comptes titulaire,68,5710,,,,https://www.pappers.fr/entreprise/343228987,https://www.societe.com/societe/-343228987.html,Identifié,Qualifier le fit métier (LinkedIn + site web)
5,INDUSTRIE?,non,,BRAND EQUITY EUROPEAN STRATEGIES (GROUPE MERCADIER) (BEES),BRAND EQUITY EUROPEAN STRATEGIES,480184928,48018492800020,20.30Z,,PME,12,20 à 49 salariés,2023,9,2005-01-04,2024-05-19T17:01:20,LES MILLES ZAC DE L ENFANT 120 RUE EMILIEN GAUTIER 13290 AIX-EN-PROVENCE,13290,AIX-EN-PROVENCE,13,oui,MX DEVELOPPEMENT (SIREN 894123520) — Président de SAS,,5710,,,,https://www.pappers.fr/entreprise/480184928,https://www.societe.com/societe/-480184928.html,Identifié,Qualifier le fit métier (LinkedIn + site web)
5,INDUSTRIE?,non,,CAP GENERATEUR,CAP GENERATEUR,494466188,49446618800047,33.20D,"Installation d'équipements électriques, de matériels électroniques et optiques ou d'autres matériels",PME,12,20 à 49 salariés,2023,4,2007-02-01,2024-05-19T17:01:20,CANNES LA BOCCA 2 ALLEE DES GABIANS 06150 CANNES,06150,CANNES,06,non,DOMINIQUE DAVID (57 ans) — Commissaire aux comptes titulaire ; AUDIT CONSEIL STE D'EXPERTISE COMPTABLE ET DE COMMISSARIAT AUX COMPTES (SIREN 340814995) — Commissaire aux comptes suppléant ; PROGRESSYS CAPITAL (SIREN 495030926) — Président de SAS,57,5710,,,,https://www.pappers.fr/entreprise/494466188,https://www.societe.com/societe/-494466188.html,Identifié,Qualifier le fit métier (LinkedIn + site web)
5,INDUSTRIE?,non,,DM REGULATION,DM REGULATION,703680504,70368050400098,33.20C,Conception d'ensemble et assemblage sur site industriel d'équipements de contrôle des processus industriels,PME,12,20 à 49 salariés,2023,4,1970-01-01,2024-05-19T17:01:20,17 RUE DE REVOLLON 38150 CHANAS,38150,CHANAS,38,oui,AUDIGEST (SIREN 330188699) — Commissaire aux comptes titulaire ; DMRS (SIREN 449177138) — Président de SAS,,5710,,,,https://www.pappers.fr/entreprise/703680504,https://www.societe.com/societe/-703680504.html,Identifié,Qualifier le fit métier (LinkedIn + site web)
5,INDUSTRIE?,non,,FIMO SAS,FIMO SAS,914903612,91490361200010,22.29A,,PME,12,20 à 49 salariés,2023,4,2022-06-23,2024-05-19T17:01:20,ESPACE GREEN PARC - BAT B ROUTE DE VILLEPECLE 91280 SAINT-PIERRE-DU-PERRAY,91280,SAINT-PIERRE-DU-PERRAY,91,non,STEFANO GHETTI (57 ans) — Administrateur ; SIMON GIRARD (62 ans) — Président de SAS ; LUCA TAMBERI (59 ans) — Administrateur ; FERCO (SIREN 652041146) — Commissaire aux comptes titulaire,62,5710,,,,https://www.pappers.fr/entreprise/914903612,https://www.societe.com/societe/-914903612.html,Identifié,Qualifier le fit métier (LinkedIn + site web)
5,INDUSTRIE?,non,,GAS BIJOUX (AMO),GAS BIJOUX,440266765,44026676500013,32.13Z,,PME,21,50 à 99 salariés,2023,16,2002-01-02,2024-05-19T17:01:20,4 RUE CLEMENCE 13006 MARSEILLE,13006,MARSEILLE,13,oui,MARIE-FREDERIQUE GAS (GAS) (51 ans) — Directeur Général ; OLIVIER GAS (49 ans) — Président de SAS ; FIDECOMPTA FIDUCIAIRE D EXPERTISE COMPTABLE (SIREN 064801152) — Commissaire aux comptes titulaire,51,5710,,,,https://www.pappers.fr/entreprise/440266765,https://www.societe.com/societe/-440266765.html,Identifié,Qualifier le fit métier (LinkedIn + site web)
5,INDUSTRIE?,non,,INCENDIE PROTECTION SECURITE (IPS),INCENDIE PROTECTION SECURITE,384507778,38450777800015,33.20B,Installation de machines et équipements mécaniques,PME,11,10 à 19 salariés,2023,9,1992-01-15,2024-05-19T17:01:20,61 RUE DE SOLESMES 59400 CAMBRAI,59400,CAMBRAI,59,non,PATRICK NICOLAS PASCAL BERGDOLL (60 ans) — Président de SAS ; DEIXIS (SIREN 508228426) — Commissaire aux comptes titulaire,60,5710,,,,https://www.pappers.fr/entreprise/384507778,https://www.societe.com/societe/-384507778.html,Identifié,Qualifier le fit métier (LinkedIn + site web)
5,INDUSTRIE?,non,,LABORATOIRE VILLANOVA (VILLANOVA OCULARISTES),LABORATOIRE VILLANOVA,339442477,33944247700065,32.50A,,PME,11,10 à 19 salariés,2023,5,1986-12-01,2024-05-19T17:01:20,27 B COURS GAMBETTA 34000 MONTPELLIER,34000,MONTPELLIER,34,non,JOSEPHA ALEXANDRA VILLANOVA (25 ans) — Gérant ; STEPHANE ANDRE LOUIS VILLANOVA (VILLANOVA) (68 ans) — Gérant ; VICTORIA EVELYNE VILLANOVA (31 ans) — Gérant,68,5499,,,,https://www.pappers.fr/entreprise/339442477,https://www.societe.com/societe/-339442477.html,Identifié,Qualifier le fit métier (LinkedIn + site web)
5,INDUSTRIE?,non,,LES GOURMANDISES DE LOUISE (RIEDERER),LES GOURMANDISES DE LOUISE,810436121,81043612100026,10.71D,,PME,12,20 à 49 salariés,2023,4,2015-03-24,2024-05-19T17:01:20,7 PETIT CHEMIN D'AIX PAYANNET 13120 GARDANNE,13120,GARDANNE,13,oui,BENJAMIN RAFFI SIMONIAN (40 ans) — Président de SAS,40,5710,,,,https://www.pappers.fr/entreprise/810436121,https://www.societe.com/societe/-810436121.html,Identifié,Qualifier le fit métier (LinkedIn + site web)
5,INDUSTRIE?,non,,PI-ELECTRONIQUE,PI-ELECTRONIQUE,326727484,32672748400049,28.23Z,,PME,21,50 à 99 salariés,2023,4,1983-02-01,2024-05-19T17:01:20,ZA COURTABOEUF N1 36 AVENUE DE LA BALTIQUE 91140 VILLEBON-SUR-YVETTE,91140,VILLEBON-SUR-YVETTE,91,non,JEAN-BAPTISTE JACOB (48 ans) — Commissaire aux comptes suppléant ; MIRA PAUKER (MILO) (90 ans) — Administrateur ; MR PAUKER MICHEL (66 ans) — Président du conseil d'administration et directeur général ; BENOIT PELISSIER DE FELIGONDE (65 ans) — Commissaire aux comptes suppléant ; PI INTERNATIONAL SITEC (SIREN 351386693) — Administrateur,90,5599,,,,https://www.pappers.fr/entreprise/326727484,https://www.societe.com/societe/-326727484.html,Identifié,Qualifier le fit métier (LinkedIn + site web)
5,INDUSTRIE?,non,,SAS CHOCOLATERIE DE PUYRICARD,SAS CHOCOLATERIE DE PUYRICARD,445388473,44538847300024,10.82Z,,PME,12,20 à 49 salariés,2023,20,2002-09-01,2024-05-19T17:01:20,QUAI MALIVERNY  LA PLANTATION AVENUE GEORGES DE FABRY 13540 AIX-EN-PROVENCE,13540,AIX-EN-PROVENCE,13,oui,DAMIEN BARGUES (38 ans) — Commissaire aux comptes titulaire ; YVES PEIRONE — Commissaire aux comptes titulaire ; MARC PETRILLO — Commissaire aux comptes suppléant ; CABINET LODO EXPERTISE COMPTABLE CONSEIL (SIREN 308336569) — Commissaire aux comptes suppléant ; PUYRICARD CORPORATE (SIREN 804336634) — Président de SAS,38,5710,,,,https://www.pappers.fr/entreprise/445388473,https://www.societe.com/societe/-445388473.html,Identifié,Qualifier le fit métier (LinkedIn + site web)
5,INDUSTRIE?,non,,SI-CREATIVE (COMME AVANT),SI-CREATIVE,500837612,50083761200067,20.42Z,,PME,21,50 à 99 salariés,2023,13,2007-11-06,2024-05-19T17:01:20,ZA L AGAVON 14 RUE EMILE ZOLA LE REPOS 13170 LES PENNES MIRABEAU,13170,LES PENNES MIRABEAU,13,oui,SILVIN FABIAN LAURET (42 ans) — Gérant ; NIL PARRA (39 ans) — Gérant,42,5499,,,,https://www.pappers.fr/entreprise/500837612,https://www.societe.com/societe/-500837612.html,Identifié,Qualifier le fit métier (LinkedIn + site web)
5,INDUSTRIE?,non,,TARPAIN,TARPAIN,852597780,85259778000018,10.71C,,PME,12,20 à 49 salariés,2023,5,2019-08-01,2024-05-19T17:01:20,29 RUE 3 FRERES BARTHELEMY 13006 MARSEILLE 6EME,13006,MARSEILLE 6EME,13,oui,VINCENT BIRON (42 ans) — Gérant ; REMI CERESOLA (44 ans) — Gérant,44,5499,,,,https://www.pappers.fr/entreprise/852597780,https://www.societe.com/societe/-852597780.html,Identifié,Qualifier le fit métier (LinkedIn + site web)
5,INDUSTRIE?,non,,TOILES DE MAYENNE,TOILES DE MAYENNE,735750143,73575014300019,13.92Z,,PME,21,50 à 99 salariés,2023,13,1957-01-01,2024-05-19T17:01:20,FONTAINE DANIEL 53100 SAINT-GEORGES-BUTTAVENT,53100,SAINT-GEORGES-BUTTAVENT,53,non,JEROME FRANCOIS LAURENT COUASNON (55 ans) — Président de SAS ; FITECO (SIREN 557150067) — Commissaire aux comptes titulaire,55,5710,,,,https://www.pappers.fr/entreprise/735750143,https://www.societe.com/societe/-735750143.html,Identifié,Qualifier le fit métier (LinkedIn + site web)
5,INDUSTRIE?,non,,TRVS,TRVS,424215507,42421550700064,33.12Z,Réparation de machines et équipements mécaniques,PME,12,20 à 49 salariés,2023,5,1999-10-10,2024-05-19T17:01:20,33 CHE DE ST HENRI 13016 MARSEILLE 16EME,13016,MARSEILLE 16EME,13,oui,TRVS MANAGEMENT (SIREN 820881795) — ,,5710,,,,https://www.pappers.fr/entreprise/424215507,https://www.societe.com/societe/-424215507.html,Identifié,Qualifier le fit métier (LinkedIn + site web)
5,INDUSTRIE?,non,,XLG FRANCE,XLG FRANCE,348809450,34880945000219,33.12Z,Réparation de machines et équipements mécaniques,PME,12,20 à 49 salariés,2023,7,1989-01-01,2024-05-19T17:01:20,5 RUE ROGER SALENGRO 62410 HULLUCH,62410,HULLUCH,62,non,ADNAN UZUN (56 ans) — Gérant,56,5499,,,,https://www.pappers.fr/entreprise/348809450,https://www.societe.com/societe/-348809450.html,Identifié,Qualifier le fit métier (LinkedIn + site web)
4,INDUSTRIE?,non,,D.NU.D,D.NU.D,440596179,44059617900059,14.19Z,,PME,11,10 à 19 salariés,2023,6,2002-01-07,2024-05-19T17:01:20,34 RUE PERIGNON 75015 PARIS,75015,PARIS,75,non,GEORGES VICIDOMINI (69 ans) — Gérant,69,5499,,,,https://www.pappers.fr/entreprise/440596179,https://www.societe.com/societe/-440596179.html,Identifié,Qualifier le fit métier (LinkedIn + site web)
4,INDUSTRIE?,non,,FROMENTIERS CONCEPTS (FROMENTIERS CONCEPTS),FROMENTIERS CONCEPTS,819289604,81928960400012,10.71B,,PME,01,1 ou 2 salariés,2023,5,2016-02-25,2024-05-19T17:01:20,2 COTE DES TAILLADES 12200 SAINT-REMY,12200,SAINT-REMY,12,non,LOUIS WEIR BENNETT (38 ans) — Président de SAS ; ALEXANDRE ERNEST HUBERT JEAN VILGRAIN (70 ans) — Président du conseil d'administration ; LES FROMENTIERS DE FRANCE (SIREN 418066650) — Administrateur ; SALUSTRO REYDEL (SIREN 652044371) — Commissaire aux comptes suppléant ; KPMG SA (SIREN 775726417) — Commissaire aux comptes titulaire,70,5710,,,,https://www.pappers.fr/entreprise/819289604,https://www.societe.com/societe/-819289604.html,Identifié,Qualifier le fit métier (LinkedIn + site web)
4,INDUSTRIE?,possible,"trio_familial(LEROUGEBENARD,3membres)",GLB (MOLINARD),GLB,326815370,32681537000019,20.42Z,,PME,12,20 à 49 salariés,2023,11,1983-01-01,2024-05-19T17:01:20,60 BOULEVARD VICTOR HUGO 06130 GRASSE,06130,GRASSE,06,non,CELIA ISABELLE MARTINE LEROUGE-BENARD (50 ans) — Administrateur ; CHARLOTTE MARINE DENISE MICHELLE LEROUGE-BENARD (46 ans) — Administrateur ; JEAN PIERRE GILLES HENRI LOUIS LEROUGE-BENARD (87 ans) — Directeur Général,87,5710,,,,https://www.pappers.fr/entreprise/326815370,https://www.societe.com/societe/-326815370.html,Identifié,Creuser succession familiale (Infogreffe + LinkedIn) puis qualifier
4,INDUSTRIE?,non,,GROUPE VEGA (GROUPE VEGA),GROUPE VEGA,422826255,42282625500016,23.64Z,,PME,11,10 à 19 salariés,2023,11,1999-04-07,2024-05-19T17:01:20,17 RUE DE L’INDUSTRIE 41220 SAINT-LAURENT-NOUAN,41220,SAINT-LAURENT-NOUAN,41,non,HERVE GRUMEAU (56 ans) — Directeur Général ; CLAUDEL PIERRE AUDIT (CPA) SARL (SIREN 492418678) — Commissaire aux comptes titulaire ; LYRAE (SIREN 901194530) — Président de SAS ; ALEGANCIA (SIREN ) — ,56,5710,,,,https://www.pappers.fr/entreprise/422826255,https://www.societe.com/societe/-422826255.html,Identifié,Qualifier le fit métier (LinkedIn + site web)
4,INDUSTRIE?,non,,HYDAC,HYDAC,303993562,30399356200105,28.12Z,,PME,22,100 à 199 salariés,2023,9,1983-11-01,2024-05-19T17:01:20,TECHNOPOLE FORBACH SUD PARC D'ACTIVITE FORBACH OUEST 57600 FOLKLING,57600,FOLKLING,57,non,ALAIN BECHTEL (64 ans) — Gérant ; WEMA AUDIT (SIREN 819213448) — Commissaire aux comptes titulaire ; SARL CENTR'AUDIT (SIREN ) — Commissaire aux comptes titulaire,64,5499,,,,https://www.pappers.fr/entreprise/303993562,https://www.societe.com/societe/-303993562.html,Identifié,Qualifier le fit métier (LinkedIn + site web)
4,INDUSTRIE?,non,,LES APPLICATIONS INDUSTRIELLES ET NAUTIQUES - AIN,LES APPLICATIONS INDUSTRIELLES ET NAUTIQUES - AIN,702003898,70200389800062,29.20Z,,PME,NN,,,4,1970-01-01,2024-05-19T17:01:20,23 BOULEVARD EUGENE RIFFAULT 41000 BLOIS,41000,BLOIS,41,non,BENEDICTE MARIE CHANTAL GORIOUX (DE LA VILLEON) (45 ans) — Commissaire aux comptes suppléant ; FRANCOIS-XAVIER MAURICE GEORGES GUYARD (64 ans) — Président de SAS ; GORIOUX FARO ET ASSOCIES (SIREN 338896350) — Commissaire aux comptes titulaire,64,5710,,,,https://www.pappers.fr/entreprise/702003898,https://www.societe.com/societe/-702003898.html,Identifié,Qualifier le fit métier (LinkedIn + site web)
4,INDUSTRIE?,non,,MACOR,MACOR,333511848,33351184800058,33.15Z,,PME,11,10 à 19 salariés,2023,5,1985-07-01,2024-05-19T17:01:20,LOCAL MACOR ENCEINTE PORTUAIRE 4 ZONE PORTUAIRE 13015 MARSEILLE 15,13015,MARSEILLE 15,13,oui,AMARIX (SIREN 451461222) — ,,5710,,,,https://www.pappers.fr/entreprise/333511848,https://www.societe.com/societe/-333511848.html,Identifié,Qualifier le fit métier (LinkedIn + site web)
4,INDUSTRIE?,non,,PATISSERIE REYNIER (PATISSERIE REYNIER),PATISSERIE REYNIER,527554752,52755475200016,10.71C,,PME,11,10 à 19 salariés,2023,6,2010-01-01,2024-05-19T17:01:20,AVENUE JOSEPH ARRIGHI 13620 CARRY-LE-ROUET,13620,CARRY-LE-ROUET,13,oui,MARIE LOUISE EVELYNE FORNASERO (BASCETTO) (53 ans) — Gérant ; CHRISTOPHE FORNASERO (43 ans) — Gérant,53,5499,,,,https://www.pappers.fr/entreprise/527554752,https://www.societe.com/societe/-527554752.html,Identifié,Qualifier le fit métier (LinkedIn + site web)
4,INDUSTRIE?,non,,SYLVESTRE BETON,SYLVESTRE BETON,789698941,78969894100026,23.63Z,,PME,11,10 à 19 salariés,2023,5,2012-12-01,2024-05-19T17:01:20,850 CHEMIN DES VEGINIERES 84660 MAUBEC,84660,MAUBEC,84,oui,GROUPE SYLVESTRE (SIREN 411039217) — Président de SAS ; GERMAIN ASSOCIES (SIREN 490396082) — ,,5710,,,,https://www.pappers.fr/entreprise/789698941,https://www.societe.com/societe/-789698941.html,Identifié,Qualifier le fit métier (LinkedIn + site web)
3,INDUSTRIE?,non,,CENTRALE DISTRIBUTION (CENTRALE DISTRIBUTION),CENTRALE DISTRIBUTION,306771536,30677153600027,31.09B,,PME,NN,,,4,1976-01-01,2024-05-19T17:01:20,7-9 7 RUE JEAN JAURES 94000 CRETEIL,94000,CRETEIL,94,non,CYNDIA CORALIE PASCAL COULON (31 ans) — Directeur général délégué ; MICHEL COULON (78 ans) — Président de SAS,78,5710,,,,https://www.pappers.fr/entreprise/306771536,https://www.societe.com/societe/-306771536.html,Identifié,Qualifier le fit métier (LinkedIn + site web)
3,INDUSTRIE?,non,,CHAMPEAU,CHAMPEAU,755500121,75550012100156,16.23Z,,PME,21,50 à 99 salariés,2023,10,1955-01-01,2024-05-19T17:01:20,AVENUE DE LA LIBERATION 87220 FEYTIAT,87220,FEYTIAT,87,non,"PHILIPPE MOURARET AUDIT , EXPERTISE ET CONSEIL (SIREN 523639540) — Commissaire aux comptes titulaire ; G2C NEW CO (SIREN 850564428) — Président de SAS",,5710,,,,https://www.pappers.fr/entreprise/755500121,https://www.societe.com/societe/-755500121.html,Identifié,Qualifier le fit métier (LinkedIn + site web)
3,INDUSTRIE?,non,,DELICADESSERT,DELICADESSERT,432158012,43215801200026,10.71D,,PME,03,6 à 9 salariés,2023,5,2000-07-06,2024-05-19T17:01:20,PARC DE L ESCAPADE PALETTE OUEST RN 7 13100 LE THOLONET,13100,LE THOLONET,13,oui,29FF (SIREN 983917741) — Président de SAS,,5710,,,,https://www.pappers.fr/entreprise/432158012,https://www.societe.com/societe/-432158012.html,Identifié,Qualifier le fit métier (LinkedIn + site web)
3,INDUSTRIE?,non,,ETS SUDREAU,ETS SUDREAU,385314752,38531475200010,10.13A,,PME,02,3 à 5 salariés,2023,5,1992-02-24,2024-05-19T17:01:20,91 BOULEVARD LEON-GAMBETTA 46000 CAHORS,46000,CAHORS,46,non,FRANCOIS SUDREAU (SUDREAU) (58 ans) — Gérant,58,5499,,,,https://www.pappers.fr/entreprise/385314752,https://www.societe.com/societe/-385314752.html,Identifié,Qualifier le fit métier (LinkedIn + site web)
3,INDUSTRIE?,non,,EVERDYN,EVERDYN,451527477,45152747700033,33.20D,"Installation d'équipements électriques, de matériels électroniques et optiques ou d'autres matériels",PME,03,6 à 9 salariés,2023,4,2004-01-09,2024-05-19T17:01:20,14 RUE PEYSSONNEL 13100 AIX-EN-PROVENCE,13100,AIX-EN-PROVENCE,13,oui,B-HIVE GROUP (SIREN 912210275) — ,,5710,,,,https://www.pappers.fr/entreprise/451527477,https://www.societe.com/societe/-451527477.html,Identifié,Qualifier le fit métier (LinkedIn + site web)
3,INDUSTRIE?,non,,GREEN SAILS,GREEN SAILS,519870380,51987038000010,15.12Z,,PME,12,20 à 49 salariés,2023,13,2010-01-01,2024-05-19T17:01:20,PRESQU'ILE DE KEROMAN BASE DES SOUS MARINS 56100 LORIENT,56100,LORIENT,56,non,IODEE (SIREN 832006811) — Président de SAS,,5710,,,,https://www.pappers.fr/entreprise/519870380,https://www.societe.com/societe/-519870380.html,Identifié,Qualifier le fit métier (LinkedIn + site web)
3,INDUSTRIE?,non,,HESCHUNG & CIE,HESCHUNG & CIE,978075463,97807546300015,15.20Z,,PME,12,20 à 49 salariés,2023,15,2023-07-20,2024-05-19T17:01:20,RUE DU CHANTIER DE CREOSOTAGE 67790 STEINBOURG,67790,STEINBOURG,67,non,PPL FINANCE (SIREN 412851768) —  ; WEMA AUDIT (SIREN 819213448) — ,,5710,,,,https://www.pappers.fr/entreprise/978075463,https://www.societe.com/societe/-978075463.html,Identifié,Qualifier le fit métier (LinkedIn + site web)
3,INDUSTRIE?,non,,LES DUCS DE GASCOGNE,LES DUCS DE GASCOGNE,395620107,39562010700015,10.13A,,PME,21,50 à 99 salariés,2023,5,1956-01-01,2024-05-19T17:01:20,ROUTE DE MAUVEZIN 32200 GIMONT,32200,GIMONT,32,non,SEBASTIEN DESPRET (50 ans) — Commissaire aux comptes suppléant ; E.U.R.L. J.M.C. AUDIT (SIREN 451602668) — Commissaire aux comptes titulaire ; BCRH & ASSOCIES (SIREN 490092574) — Commissaire aux comptes titulaire ; R2LIFT (SIREN 914643861) — Directeur Général ; FGF 2 (SIREN 953196607) — Président de SAS,50,5710,,,,https://www.pappers.fr/entreprise/395620107,https://www.societe.com/societe/-395620107.html,Identifié,Qualifier le fit métier (LinkedIn + site web)
3,INDUSTRIE?,non,,OH FAON ! (OH FAON !),OH FAON !,832468003,83246800300013,10.71D,,PME,NN,,,4,2017-09-21,2024-05-19T17:01:20,3 B MTE DE LA DIME 13400 AUBAGNE,13400,AUBAGNE,13,oui,JEROME OLIVIER FABRICE RAFFAELLI (49 ans) — Gérant ; KEVIN MEEN YAU (36 ans) — Gérant,49,5499,,,,https://www.pappers.fr/entreprise/832468003,https://www.societe.com/societe/-832468003.html,Identifié,Qualifier le fit métier (LinkedIn + site web)
3,INDUSTRIE?,non,,PERLE D'EAU,PERLE D'EAU,447589953,44758995300036,32.13Z,,PME,12,20 à 49 salariés,2023,5,2003-01-17,2024-05-19T17:01:20,ESPACE TECHNOPOLE BAT.F 293 ROUTE DE LA SEYNE 83190 OLLIOULES,83190,OLLIOULES,83,non,I.D.D.P (SIREN 908495054) — Président de SAS,,5710,,,,https://www.pappers.fr/entreprise/447589953,https://www.societe.com/societe/-447589953.html,Identifié,Qualifier le fit métier (LinkedIn + site web)
3,INDUSTRIE?,non,,PERRIN,PERRIN,726820384,72682038400014,14.31Z,,PME,21,50 à 99 salariés,2023,15,2022-12-06,2024-05-19T17:01:20,12 RUE DE VERDUN 71300 MONTCEAU-LES-MINES,71300,MONTCEAU-LES-MINES,71,non,GRANT THORNTON (SIREN 632013843) — Commissaire aux comptes titulaire ; GROUPE PERRIN (SIREN 811652197) — Président de SAS,,5710,,,,https://www.pappers.fr/entreprise/726820384,https://www.societe.com/societe/-726820384.html,Identifié,Qualifier le fit métier (LinkedIn + site web)
3,INDUSTRIE?,non,,RESEAU CHAPE,RESEAU CHAPE,793073156,79307315600101,23.63Z,,PME,NN,,,7,2013-05-06,2024-05-19T17:01:20,4 IMPASSE DES GRANGES 38290 LA VERPILLIERE,38290,LA VERPILLIERE,38,oui,WOLFF ET ASSOCIES (SIREN 479908949) — Commissaire aux comptes titulaire ; RCT SERVICES (SIREN 527810097) — Président de SAS,,5710,,,,https://www.pappers.fr/entreprise/793073156,https://www.societe.com/societe/-793073156.html,Identifié,Qualifier le fit métier (LinkedIn + site web)
3,INDUSTRIE?,non,,SEDAC FRANCE,SEDAC FRANCE,772801387,77280138700030,31.03Z,,PME,21,50 à 99 salariés,2023,4,1981-04-06,2024-05-19T17:01:20,ZI LES GUIGNONS 7 COURS ANTOINE LAVOISIER 10400 NOGENT-SUR-SEINE,10400,NOGENT-SUR-SEINE,10,non,ALY FAKHRY (48 ans) — Directeur Général ; CHD AUDIT HAUTS DE FRANCE (SIREN 325366441) — Commissaire aux comptes titulaire ; PAJ LITERIE (SIREN ) — Président de SAS,48,5710,,,,https://www.pappers.fr/entreprise/772801387,https://www.societe.com/societe/-772801387.html,Identifié,Qualifier le fit métier (LinkedIn + site web)
3,INDUSTRIE?,non,,SHOEMAKERS,SHOEMAKERS,508571692,50857169200138,15.20Z,,PME,21,50 à 99 salariés,2023,8,2008-10-13,2024-05-19T17:01:20,9 RUE DES CHOUANS 85130 CHANVERRIE,85130,CHANVERRIE,85,non,ARNAUD BAYEUX (54 ans) — Président de SAS ; GROUPE Y BOULLIER (SIREN 352657993) — Commissaire aux comptes titulaire,54,5710,,,,https://www.pappers.fr/entreprise/508571692,https://www.societe.com/societe/-508571692.html,Identifié,Qualifier le fit métier (LinkedIn + site web)
3,INDUSTRIE?,non,,SLYM,SLYM,880853247,88085324700018,10.71C,,PME,02,3 à 5 salariés,2023,5,2020-02-01,2024-05-19T17:01:20,128 VOIE LA CANEBIERE 13001 MARSEILLE,13001,MARSEILLE,13,oui,LACHRAF HAFID KRIBECHE (52 ans) — Gérant,52,5499,,,,https://www.pappers.fr/entreprise/880853247,https://www.societe.com/societe/-880853247.html,Identifié,Qualifier le fit métier (LinkedIn + site web)
3,INDUSTRIE?,non,,T.N.T. SERGE BLANCO,T.N.T. SERGE BLANCO,387850258,38785025800394,14.14Z,,PME,21,50 à 99 salariés,2023,36,1992-07-01,2024-05-19T17:01:20,27 AVENUE MARCEL DASSAULT 31500 TOULOUSE,31500,TOULOUSE,31,non,ELSA CORTES (LAUBY) (49 ans) — Directeur Général ; LIONEL LAUBY (51 ans) — Président de SAS ; BAKER TILLY STREGO (SIREN 063200885) — ,51,5710,,,,https://www.pappers.fr/entreprise/387850258,https://www.societe.com/societe/-387850258.html,Identifié,Qualifier le fit métier (LinkedIn + site web)
2,INDUSTRIE?,non,,ALPHA LASER (ALPHA LASER),ALPHA LASER,344769971,34476997100070,25.61Z,,PME,11,10 à 19 salariés,2023,6,2005-06-01,2024-05-19T17:01:20,21 RTE DEPARTEMENTALE 619 52330 COLOMBEY LES DEUX EGLISES,52330,COLOMBEY LES DEUX EGLISES,52,non,BAB'S & CO (SIREN 490252590) — Président de SAS,,5710,,,,https://www.pappers.fr/entreprise/344769971,https://www.societe.com/societe/-344769971.html,Identifié,Qualifier le fit métier (LinkedIn + site web)
2,INDUSTRIE?,non,,ATELIER BOUDER,ATELIER BOUDER,542005681,54200568100029,32.12Z,,PME,12,20 à 49 salariés,2023,4,1954-01-01,2024-05-19T17:01:20,5 B RUE MARGUERITE DE ROCHECHOUART 75009 PARIS,75009,PARIS,75,non,"MANOP, MANUFACTURE D'OBJETS PRECIEUX (SIREN 419596689) — Président de SAS ; PARIS CONSEIL AUDIT & EXPERTISES (SIREN 840098024) — Commissaire aux comptes suppléant ; PHYGICAB PARIS AUDIT & CONSEIL (SIREN 882858657) — Commissaire aux comptes titulaire",,5710,,,,https://www.pappers.fr/entreprise/542005681,https://www.societe.com/societe/-542005681.html,Identifié,Qualifier le fit métier (LinkedIn + site web)
2,INDUSTRIE?,non,,BAUMIT SAS,BAUMIT SAS,788629335,78862933500118,23.64Z,,PME,12,20 à 49 salariés,2023,6,2012-08-23,2024-05-19T17:01:20,ZAC DU GUE DE LAUNAY 1 IMPASSE DE LA CENTRALE 77360 VAIRES-SUR-MARNE,77360,VAIRES-SUR-MARNE,77,non,BENCE KASSAI (46 ans) — Président de SAS ; CAUCHY-CHAUMONT & ASSOCIES (SIREN 394613418) — Commissaire aux comptes titulaire,46,5710,,,,https://www.pappers.fr/entreprise/788629335,https://www.societe.com/societe/-788629335.html,Identifié,Qualifier le fit métier (LinkedIn + site web)
2,INDUSTRIE?,non,,ESCALIERS DECORS - ESCA INDUSTRIE (ED - EI),ESCALIERS DECORS - ESCA INDUSTRIE,312213077,31221307700059,25.11Z,,PME,11,10 à 19 salariés,2023,7,1978-01-01,2024-05-19T17:01:20,ZONE ARTISANALE ROUTE DE COULANGES 89480 CRAIN,89480,CRAIN,89,non,MEJIRO (SIREN 881803878) — Président de SAS,,5710,,,,https://www.pappers.fr/entreprise/312213077,https://www.societe.com/societe/-312213077.html,Identifié,Qualifier le fit métier (LinkedIn + site web)
2,INDUSTRIE?,non,,STORES DI LUCCA,STORES DI LUCCA,334249612,33424961200014,13.92Z,,PME,11,10 à 19 salariés,2023,4,1985-10-02,2024-05-19T17:01:20,34 AVENUE LEON GAMBETTA 83500 LA SEYNE-SUR-MER,83500,LA SEYNE-SUR-MER,83,non,ARNAUD DI LUCCA (47 ans) — Gérant,47,5499,,,,https://www.pappers.fr/entreprise/334249612,https://www.societe.com/societe/-334249612.html,Identifié,Qualifier le fit métier (LinkedIn + site web)
2,INDUSTRIE?,non,,T S M TELECONCEPTS,T S M TELECONCEPTS,397485616,39748561600031,33.20D,"Installation d'équipements électriques, de matériels électroniques et optiques ou d'autres matériels",PME,11,10 à 19 salariés,2023,10,1994-05-16,2024-05-19T17:01:20,60 CHEMIN DE FONT GRAISSAN 06250 MOUGINS,06250,MOUGINS,06,non,"CANNES AUDIT PEIRIN (SIREN 519484083) — Commissaire aux comptes titulaire ; BUSINESS DEVELOPMENT AND FINANCING (SIREN 539823252) — Président de SAS ; ARES - AUDIT, REVISION , EXPERTISE-COMPTABLE ET STRATEGIE (SIREN 810894014) — Commissaire aux comptes suppléant",,5710,,,,https://www.pappers.fr/entreprise/397485616,https://www.societe.com/societe/-397485616.html,Identifié,Qualifier le fit métier (LinkedIn + site web)
1,INDUSTRIE?,non,,ALTUS ENERGY,ALTUS ENERGY,502315831,50231583100078,33.14Z,Réparation d'équipements électriques,PME,03,6 à 9 salariés,2023,5,2008-02-01,2024-05-19T17:01:20,IMMEUBLE ATLANTIS 2 55 ALLEE PIERRE ZILLER 06560 VALBONNE,06560,VALBONNE,06,non,MATHIEU DIDIER JACQUES DEBONNET (54 ans) — Président de SAS ; FABRICE FAYETTE — Commissaire aux comptes titulaire ; DIDIER IVARRA — Commissaire aux comptes suppléant,54,5710,,,,https://www.pappers.fr/entreprise/502315831,https://www.societe.com/societe/-502315831.html,Identifié,Qualifier le fit métier (LinkedIn + site web)
1,INDUSTRIE?,non,,CHOCOLATERIE SIGNOURET (A.L. SIGNOURET - ARTISAN CHOCOLATIER),CHOCOLATERIE SIGNOURET,794812412,79481241200011,10.82Z,,PME,03,6 à 9 salariés,2023,4,2013-08-15,2024-05-19T17:01:20,79 AVENUE JEAN JAURES 05000 GAP,05000,GAP,05,non,ANNE-LISE SIGNOURET (45 ans) — Gérant ; FUSION CHOCOLAT (SIREN 941716128) — ,45,5710,,,,https://www.pappers.fr/entreprise/794812412,https://www.societe.com/societe/-794812412.html,Identifié,Qualifier le fit métier (LinkedIn + site web)
1,INDUSTRIE?,non,,COPAS MPA,COPAS MPA,331139055,33113905500072,33.20B,Installation de machines et équipements mécaniques,PME,02,3 à 5 salariés,2023,4,1984-09-15,2024-05-19T17:01:20,700 RUE ANDRE MALRAUX 07500 GUILHERAND-GRANGES,07500,GUILHERAND-GRANGES,07,non,DIAGNOSTIC REVISION CONSEIL (SIREN 480775782) — Commissaire aux comptes titulaire ; ELEJI (SIREN 902940808) — ,,5710,,,,https://www.pappers.fr/entreprise/331139055,https://www.societe.com/societe/-331139055.html,Identifié,Qualifier le fit métier (LinkedIn + site web)
1,INDUSTRIE?,non,,EUSTACHE (ATELIER DE COUTEAUX REGIONAUX) (A C R),EUSTACHE,452538432,45253843200132,25.71Z,,PME,03,6 à 9 salariés,2023,11,2004-03-01,2024-05-19T17:01:20,66 AV DE LA LIBERATION 19360 MALEMORT,19360,MALEMORT,19,non,REMI SQUEREN (49 ans) — Gérant ; H. AUDIT. (SIREN 489993360) — Commissaire aux comptes titulaire ; 19.67 FINANCES (SIREN 833483050) — Président de SAS,49,5710,,,,https://www.pappers.fr/entreprise/452538432,https://www.societe.com/societe/-452538432.html,Identifié,Qualifier le fit métier (LinkedIn + site web)
1,INDUSTRIE?,non,,LES TISSAGES DE ST JEAN DE LUZ,LES TISSAGES DE ST JEAN DE LUZ,382297992,38229799200077,13.20Z,,PME,01,1 ou 2 salariés,2023,5,1991-06-26,2024-05-19T17:01:20,83 RUE GAMBETTA 64500 SAINT-JEAN-DE-LUZ,64500,SAINT-JEAN-DE-LUZ,64,non,YVES JEROME FANFARE (48 ans) — Gérant,48,5499,,,,https://www.pappers.fr/entreprise/382297992,https://www.societe.com/societe/-382297992.html,Identifié,Qualifier le fit métier (LinkedIn + site web)
1,INDUSTRIE?,non,,LOGITAX,LOGITAX,331891580,33189158000127,33.13Z,Réparation d'équipements électroniques et optiques,PME,11,10 à 19 salariés,2023,12,1985-02-22,2024-05-19T17:01:20,12 AVENUE DU VALQUIOU 93290 TREMBLAY-EN-FRANCE,93290,TREMBLAY-EN-FRANCE,93,non,AE DÉVELOPPEMENT (SIREN 977617539) — Président de SAS,,5710,,,,https://www.pappers.fr/entreprise/331891580,https://www.societe.com/societe/-331891580.html,Identifié,Qualifier le fit métier (LinkedIn + site web)
1,INDUSTRIE?,non,,QUATRA FRANCE (ECOLOGIC'OIL-QUATRA) (ARD),QUATRA FRANCE,444182075,44418207500432,10.71B,,PME,NN,,,36,2002-12-12,2024-05-19T17:01:20,10 RUE MICHEL SERVET 59000 LILLE,59000,LILLE,59,non,PIET VAN POLLAERT (44 ans) — Gérant,44,5499,,,,https://www.pappers.fr/entreprise/444182075,https://www.societe.com/societe/-444182075.html,Identifié,Qualifier le fit métier (LinkedIn + site web)
1,INDUSTRIE?,non,,SOER,SOER,887761773,88776177300092,26.52Z,,PME,01,1 ou 2 salariés,2023,5,2020-07-27,2024-05-19T17:01:20,113 AVENUE DU 8 MAI 1945 42340 VEAUCHE,42340,VEAUCHE,42,non,SOPHIE DOMINIQUE MYRIAM CACARD (CACARD) (42 ans) — Directeur Général ; ERIC JOEL MICHEL COQUELAERE (COQUELAERE) (54 ans) — Président de SAS,54,5710,,,,https://www.pappers.fr/entreprise/887761773,https://www.societe.com/societe/-887761773.html,Identifié,Qualifier le fit métier (LinkedIn + site web)
1,INDUSTRIE?,non,,WASHTEC FRANCE,WASHTEC FRANCE,341515047,34151504700163,33.12Z,Réparation de machines et équipements mécaniques,PME,22,100 à 199 salariés,2023,17,1987-03-31,2024-05-19T17:01:20,200 RUE DU GRAND BOULAND 45760 BOIGNY-SUR-BIONNE,45760,BOIGNY-SUR-BIONNE,45,non,CATHERINE SUZANNE MARGUERITE CAZAUX (LETHIELLEUX) (54 ans) — Président de SAS ; KPMG S.A (SIREN 775726417) — Commissaire aux comptes titulaire,54,5710,,,,https://www.pappers.fr/entreprise/341515047,https://www.societe.com/societe/-341515047.html,Identifié,Qualifier le fit métier (LinkedIn + site web)
0,INDUSTRIE?,non,,ADBI,ADBI,490714649,49071464900020,14.13Z,,PME,03,6 à 9 salariés,2023,19,2006-06-08,2024-05-19T17:01:20,45 RUE CHARLOT 75003 PARIS,75003,PARIS,75,non,AUDITEURS ASSOCIES FRANCILIENS (SIREN 422774349) — Commissaire aux comptes titulaire ; MES DEMOISELLES (SIREN 845318872) — Président de SAS,,5710,,,,https://www.pappers.fr/entreprise/490714649,https://www.societe.com/societe/-490714649.html,Identifié,Qualifier le fit métier (LinkedIn + site web)
0,INDUSTRIE?,non,,NAYAK-LM FRANCE,NAYAK-LM FRANCE,880086384,88008638400026,33.16Z,,PME,22,100 à 199 salariés,2023,10,2019-12-19,2024-05-19T17:01:20,34 AVENUE DES CHAMPS ELYSEES 75008 PARIS,75008,PARIS,75,non,NICOLO CALOSSO (49 ans) — Directeur Général ; SERGIO SCALERA (54 ans) — Président de SAS ; COFIME AUDIT (SIREN 488221672) — Commissaire aux comptes titulaire,54,5710,,,,https://www.pappers.fr/entreprise/880086384,https://www.societe.com/societe/-880086384.html,Identifié,Qualifier le fit métier (LinkedIn + site web)
0,INDUSTRIE?,non,,VIKING LIFE-SAVING EQUIPMENT FRANCE,VIKING LIFE-SAVING EQUIPMENT FRANCE,389654674,38965467400057,33.15Z,,PME,03,6 à 9 salariés,2023,5,1992-12-16,2024-05-19T17:01:20,PARC ELYSEE 41 RUE MICHEL ANGE 91000 EVRY-COURCOURONNES,91000,EVRY-COURCOURONNES,91,non,BENOIT LAURENT DARRIEUX (48 ans) — Gérant ; HENRIK HELSINGHOF (42 ans) — Gérant ; MIRA MI SONG NIELSEN (47 ans) — Gérant ; BDO PARIS (SIREN 480307131) — Commissaire aux comptes titulaire,48,5499,,,,https://www.pappers.fr/entreprise/389654674,https://www.societe.com/societe/-389654674.html,Identifié,Qualifier le fit métier (LinkedIn + site web)
0,INDUSTRIE?,non,,YAY-YOU ARE YOUNG (YAY-YOU ARE YOUNG) (YAY),YAY-YOU ARE YOUNG,797548955,79754895500039,32.13Z,,PME,03,6 à 9 salariés,2023,6,2013-09-10,2024-05-19T17:01:20,26 RUE PASTOURELLE 75003 PARIS,75003,PARIS,75,non,SEBASTIEN PIERRE MARIE LUCAS (49 ans) — Autre ; JULIE TERRANOVA (37 ans) — Président de SAS,49,5499,,,,https://www.pappers.fr/entreprise/797548955,https://www.societe.com/societe/-797548955.html,Identifié,Qualifier le fit métier (LinkedIn + site web)
